{
    "batch_name": "experiment2_large_scale_16core",
    "batch_output_dir": "experiment2_large_scale_results",
    "parameter_sweeps": {
        "gamma_pairs": [
            [14.134725, 21.022040],
            [14.134725, 25.010856],
            [21.022040, 25.010856],
            [25.010856, 30.424876],
            [14.134725, 30.424876],
            [30.424876, 32.935057],
            [21.022040, 32.935057],
            [25.010856, 37.586176],
            [30.424876, 40.918719],
            [14.134725, 40.918719],
            [32.935057, 37.586176],
            [14.134725, 37.586176],
            [40.918719, 43.327073],
            [37.586176, 43.327073],
            [25.010856, 43.327073]
        ],
        "delta_ranges": [0.01, 0.02, 0.03, 0.05, 0.08, 0.12],
        "delta_steps": [17, 21, 25, 33, 41, 49],
        "num_test_functions": [10, 15, 20, 25, 30, 40],
        "test_function_types": ["gaussian", "fourier"]
    },
    "single_run_config": {
        "export_csv": true,
        "create_plots": false,
        "create_report": false
    },
    "batch_analysis": {
        "create_aggregate_plots": true,
        "create_batch_report": true,
        "statistical_comparison": true
    }
}
